model,MAE,RMSE,R2,CV_R2_mean,CV_R2_std
Linear Regression,11.106558086357275,22.72673922765956,0.9746586598981493,0.9613633803709505,0.03560005957653053
Ridge Regression,10.707855505154997,21.412477777080518,0.9775048356501552,0.9708518217883306,0.014096819694024388
Random Forest,10.714329545454563,27.135693754846606,0.9638725608209266,0.980114303429132,0.011545493281884868
Gradient Boosting,9.40738118987232,26.405081611371003,0.9657917901093793,0.9870037226108217,0.008483274925623509
